{"nodes":{"node:121":{"location":{"x":-84,"y":675}},"node:122":{"location":{"x":428,"y":671}},"node:123":{"location":{"x":-44,"y":523}},"node:124":{"location":{"x":-300,"y":827}},"node:125":{"location":{"x":268,"y":627}},"node:126":{"location":{"x":268,"y":755}},"node:127":{"location":{"x":-84,"y":603}},"node:128":{"location":{"x":-84,"y":811}},"node:129":{"location":{"x":-308,"y":747}},"node:130":{"location":{"x":-60,"y":891}},"node:131":{"location":{"x":108,"y":591}},"node:132":{"location":{"x":116,"y":875}},"node:133":{"location":{"x":388,"y":539}},"node:134":{"location":{"x":732,"y":619}},"node:135":{"location":{"x":732,"y":751}},"node:136":{"location":{"x":564,"y":571}},"node:137":{"location":{"x":-68,"y":995}},"node:138":{"location":{"x":-44,"y":1131}},"node:139":{"location":{"x":220,"y":991}},"node:140":{"location":{"x":100,"y":1083}},"node:141":{"location":{"x":348,"y":995}},"node:142":{"location":{"x":588,"y":991}},"node:143":{"location":{"x":468,"y":1135}},"node:144":{"location":{"x":327,"y":1208}},"node:145":{"location":{"x":988,"y":655}},"node:148":{"location":{"x":972,"y":827}},"node:151":{"location":{"x":860,"y":747}},"node:153":{"location":{"x":980,"y":587}},"node:156":{"location":{"x":980,"y":923}},"node:159":{"location":{"x":836,"y":859}},"node:162":{"location":{"x":1260,"y":627}},"node:166":{"location":{"x":1260,"y":811}},"node:170":{"location":{"x":1132,"y":831}},"node:174":{"location":{"x":1132,"y":671}}},"selection":null,"view":{"scroll":{"x":614.978759765625,"y":359.3785400390625},"visible_rect":{"max":{"x":813.7125244140625,"y":1325.3897705078125},"min":{"x":791.823974609375,"y":462.7225341796875}},"zoom":0.7766609787940979}}