{"nodes":null,"selection":null,"view":{"scroll":{"x":-193.573104858398438,"y":-327.352935791015625},"visible_rect":{"max":{"x":1011.4266357421875,"y":319.647003173828125},"min":{"x":-193.57305908203125,"y":-327.35284423828125}},"zoom":1.0000002384185791}}