{"nodes":null,"selection":null,"view":{"scroll":{"x":-715.55926513671875,"y":469.430206298828125},"visible_rect":{"max":{"x":-674.578857421875,"y":1100.3154296875},"min":{"x":-690.99530029296875,"y":453.315460205078125}},"zoom":1.03554868698120117}}