{"nodes":null,"selection":null,"view":{"scroll":{"x":-140.670928955078125,"y":-278.863677978515625},"visible_rect":{"max":{"x":905.24688720703125,"y":313.112060546875},"min":{"x":-119.645248413085938,"y":-237.182723999023438}},"zoom":1.17573344707489014}}