{"nodes":{"node:1":{"location":{"x":-564,"y":859}},"node:11":{"location":{"x":-506,"y":754}},"node:8":{"location":{"x":-772,"y":811}}},"selection":null,"view":{"scroll":{"x":-1285.5003662109375,"y":794.12689208984375},"visible_rect":{"max":{"x":-64.4003677368164062,"y":1152.90283203125},"min":{"x":-1028.4014892578125,"y":635.30224609375}},"zoom":1.24999856948852539}}