{"nodes":{"node:1":{"location":{"x":605,"y":163}}},"selection":null,"view":{"scroll":{"x":399.789520263671875,"y":86.1051406860351562},"visible_rect":{"max":{"x":1283.8316650390625,"y":586.484130859375},"min":{"x":319.831634521484375,"y":68.8841171264648438}},"zoom":1.25}}