{"nodes":{"node:5":{"location":{"x":-660,"y":799}}},"selection":null,"view":{"scroll":{"x":-1131.287109375,"y":593.3154296875},"visible_rect":{"max":{"x":73.712890625,"y":1240.3154296875},"min":{"x":-1131.287109375,"y":593.3154296875}},"zoom":1}}