{"nodes":{"node:10":{"location":{"x":-825,"y":631}},"node:11":{"location":{"x":-1100,"y":603}}},"selection":null,"view":{"scroll":{"x":-1285.287109375,"y":453.315399169921875},"visible_rect":{"max":{"x":-80.287109375,"y":1100.3154296875},"min":{"x":-1285.287109375,"y":453.315399169921875}},"zoom":1}}