{"nodes":{"node:248":{"location":{"x":-84,"y":675}},"node:249":{"location":{"x":428,"y":671}},"node:250":{"location":{"x":-44,"y":523}},"node:251":{"location":{"x":-300,"y":827}},"node:252":{"location":{"x":268,"y":627}},"node:253":{"location":{"x":268,"y":755}},"node:254":{"location":{"x":-84,"y":603}},"node:255":{"location":{"x":-84,"y":811}},"node:256":{"location":{"x":-308,"y":747}},"node:257":{"location":{"x":-60,"y":891}},"node:258":{"location":{"x":108,"y":591}},"node:259":{"location":{"x":116,"y":875}},"node:260":{"location":{"x":388,"y":539}},"node:261":{"location":{"x":732,"y":619}},"node:262":{"location":{"x":732,"y":751}},"node:263":{"location":{"x":564,"y":571}},"node:264":{"location":{"x":-68,"y":995}},"node:265":{"location":{"x":-44,"y":1131}},"node:266":{"location":{"x":220,"y":991}},"node:267":{"location":{"x":100,"y":1083}},"node:268":{"location":{"x":348,"y":995}},"node:269":{"location":{"x":588,"y":991}},"node:270":{"location":{"x":468,"y":1135}},"node:271":{"location":{"x":327,"y":1208}}},"selection":null,"view":{"scroll":{"x":463.9195556640625,"y":482.493896484375},"visible_rect":{"max":{"x":464.414764404296875,"y":1112.941162109375},"min":{"x":447.998199462890625,"y":465.935089111328125}},"zoom":1.03553891181945801}}