{"nodes":{"node:1":{"location":{"x":245,"y":-37}},"node:4":{"location":{"x":252,"y":123}}},"selection":null,"view":{"scroll":{"x":-111.498786926269531,"y":-300.8826904296875},"visible_rect":{"max":{"x":874.801025390625,"y":295.29388427734375},"min":{"x":-89.19903564453125,"y":-240.7061767578125}},"zoom":1.24999988079071045}}