{"nodes":null,"selection":null,"view":{"scroll":{"x":380.406768798828125,"y":72.0152206420898438},"visible_rect":{"max":{"x":1585.415771484375,"y":719.019287109375},"min":{"x":380.408935546875,"y":72.0156326293945312}},"zoom":0.999994337558746338}}