{"nodes":{"node:1":{"location":{"x":-612,"y":799}}},"selection":null,"view":{"scroll":{"x":-1111.5009765625,"y":791.1279296875},"visible_rect":{"max":{"x":74.7992324829101562,"y":1150.5025634765625},"min":{"x":-889.200927734375,"y":632.9024658203125}},"zoom":1.2499997615814209}}