{"nodes":{"node:1":{"location":{"x":-540,"y":847}},"node:4":{"location":{"x":-254,"y":881}}},"selection":null,"view":{"scroll":{"x":-1111.500732421875,"y":791.12774658203125},"visible_rect":{"max":{"x":74.7994461059570312,"y":1150.5025634765625},"min":{"x":-889.200927734375,"y":632.9024658203125}},"zoom":1.2499995231628418}}