{"nodes":{"node:1":{"location":{"x":-756,"y":827}}},"selection":null,"view":{"scroll":{"x":-1285.498779296875,"y":794.124267578125},"visible_rect":{"max":{"x":-64.3992462158203125,"y":1152.9034423828125},"min":{"x":-1028.402587890625,"y":635.3016357421875}},"zoom":1.24999558925628662}}