{"nodes":{"node:22":{"location":{"x":-814,"y":656}},"node:23":{"location":{"x":-644,"y":543}},"node:24":{"location":{"x":-919,"y":538}},"node:25":{"location":{"x":-515,"y":602}},"node:26":{"location":{"x":-582,"y":693}},"node:27":{"location":{"x":-374,"y":700}}},"selection":null,"view":{"scroll":{"x":-715.55926513671875,"y":469.430206298828125},"visible_rect":{"max":{"x":-674.578857421875,"y":1100.3154296875},"min":{"x":-690.99530029296875,"y":453.315460205078125}},"zoom":1.03554868698120117}}