{"nodes":{"node:53":{"location":{"x":-988,"y":751}},"node:54":{"location":{"x":-812,"y":459}},"node:55":{"location":{"x":-452,"y":671}},"node:56":{"location":{"x":-836,"y":619}},"node:57":{"location":{"x":-612,"y":511}},"node:58":{"location":{"x":-836,"y":539}},"node:59":{"location":{"x":-452,"y":811}},"node:60":{"location":{"x":-876,"y":891}},"node:61":{"location":{"x":-884,"y":955}},"node:62":{"location":{"x":-724,"y":895}},"node:63":{"location":{"x":-644,"y":987}}},"selection":null,"view":{"scroll":{"x":-715.55926513671875,"y":469.430206298828125},"visible_rect":{"max":{"x":-674.578857421875,"y":1100.3154296875},"min":{"x":-690.99530029296875,"y":453.315460205078125}},"zoom":1.03554868698120117}}