{"nodes":{"node:1":{"location":{"x":704,"y":382}}},"selection":null,"view":{"scroll":{"x":525.28082275390625,"y":75.2145614624023438},"visible_rect":{"max":{"x":1384.22509765625,"y":577.77178955078125},"min":{"x":420.22479248046875,"y":60.1716690063476562}},"zoom":1.24999964237213135}}