{"nodes":{"node:1":{"location":{"x":994,"y":490}},"node:12":{"location":{"x":392,"y":519}},"node:15":{"location":{"x":484,"y":287}},"node:19":{"location":{"x":-707,"y":528}},"node:5":{"location":{"x":-469,"y":298}},"node:8":{"location":{"x":324,"y":672}}},"selection":null,"view":{"scroll":{"x":-620.52008056640625,"y":-136.33953857421875},"visible_rect":{"max":{"x":2922.399658203125,"y":2553.30224609375},"min":{"x":-3102.600341796875,"y":-681.69769287109375}},"zoom":0.200000002980232239}}