{"nodes":{"node:213":{"location":{"x":-980,"y":723}},"node:214":{"location":{"x":-812,"y":459}},"node:215":{"location":{"x":-452,"y":671}},"node:216":{"location":{"x":-700,"y":603}},"node:217":{"location":{"x":-612,"y":511}},"node:218":{"location":{"x":-836,"y":539}},"node:219":{"location":{"x":-452,"y":811}},"node:220":{"location":{"x":-876,"y":891}},"node:221":{"location":{"x":-884,"y":955}},"node:222":{"location":{"x":-724,"y":895}},"node:224":{"location":{"x":-300,"y":719}},"node:225":{"location":{"x":-68,"y":803}},"node:226":{"location":{"x":-68,"y":643}},"node:227":{"location":{"x":-252,"y":555}},"node:228":{"location":{"x":-380,"y":491}},"node:229":{"location":{"x":-812,"y":1187}},"node:230":{"location":{"x":-500,"y":1179}},"node:231":{"location":{"x":-908,"y":1051}},"node:232":{"location":{"x":-700,"y":1071}},"node:233":{"location":{"x":-932,"y":1131}},"node:234":{"location":{"x":-812,"y":1331}},"node:235":{"location":{"x":-620,"y":1295}},"node:236":{"location":{"x":-500,"y":1347}},"node:237":{"location":{"x":-796,"y":1467}}},"selection":null,"view":{"scroll":{"x":-982.84100341796875,"y":550.53515625},"visible_rect":{"max":{"x":222.159423828125,"y":1197.5374755859375},"min":{"x":-982.8428955078125,"y":550.53619384765625}},"zoom":0.999998092651367188}}