{"nodes":{"node:1":{"location":{"x":876,"y":337}}},"selection":null,"view":{"scroll":{"x":399.78961181640625,"y":86.1051101684570312},"visible_rect":{"max":{"x":1283.831787109375,"y":586.484130859375},"min":{"x":319.83172607421875,"y":68.88409423828125}},"zoom":1.24999988079071045}}