{"nodes":{"node:272":{"location":{"x":-84,"y":675}},"node:273":{"location":{"x":428,"y":671}},"node:274":{"location":{"x":-44,"y":523}},"node:275":{"location":{"x":-300,"y":827}},"node:276":{"location":{"x":268,"y":627}},"node:277":{"location":{"x":268,"y":755}},"node:278":{"location":{"x":-84,"y":603}},"node:279":{"location":{"x":-84,"y":811}},"node:280":{"location":{"x":-308,"y":747}},"node:281":{"location":{"x":-60,"y":891}},"node:282":{"location":{"x":108,"y":591}},"node:283":{"location":{"x":116,"y":875}},"node:284":{"location":{"x":388,"y":539}},"node:285":{"location":{"x":732,"y":619}},"node:286":{"location":{"x":732,"y":751}},"node:287":{"location":{"x":564,"y":571}},"node:288":{"location":{"x":-68,"y":995}},"node:289":{"location":{"x":-44,"y":1131}},"node:290":{"location":{"x":220,"y":991}},"node:291":{"location":{"x":100,"y":1083}},"node:292":{"location":{"x":348,"y":995}},"node:293":{"location":{"x":588,"y":991}},"node:294":{"location":{"x":468,"y":1135}},"node:295":{"location":{"x":327,"y":1208}}},"selection":null,"view":{"scroll":{"x":-96.9715652465820312,"y":311.202850341796875},"visible_rect":{"max":{"x":664.038330078125,"y":1277.604736328125},"min":{"x":-129.295501708984375,"y":414.937408447265625}},"zoom":0.749999523162841797}}