{"nodes":{"node:1":{"location":{"x":-612,"y":855}},"node:11":{"location":{"x":-736,"y":744}},"node:14":{"location":{"x":-865,"y":776}},"node:4":{"location":{"x":-747,"y":865}},"node:8":{"location":{"x":-644,"y":699}}},"selection":null,"view":{"scroll":{"x":-1285.498779296875,"y":794.124267578125},"visible_rect":{"max":{"x":-64.3992462158203125,"y":1152.9034423828125},"min":{"x":-1028.402587890625,"y":635.3016357421875}},"zoom":1.24999558925628662}}